date,extent_raw
2015-01-01,12.286
2015-01-02,11.582
2015-01-03,12.76
2015-01-04,12.977
2015-01-05,11.345
2015-01-06,11.837
2015-01-07,12.797
2015-01-08,12.633
2015-01-09,12.915
2015-01-10,12.515
2015-01-11,13.656
2015-01-12,13.696
2015-01-13,13.37
2015-01-14,14.107
2015-01-15,13.812
2015-01-16,13.115
2015-01-17,13.951
2015-01-18,13.253
2015-01-19,14.453
2015-01-20,13.994
2015-01-21,14.01
2015-01-22,13.808
2015-01-23,15.046
2015-01-24,14.315
2015-01-25,14.245
2015-01-26,14.384
2015-01-27,15.007
2015-01-28,14.999
2015-01-29,15.118
2015-01-30,15.219
2015-01-31,16.335
2015-02-01,14.895
2015-02-02,14.919
2015-02-03,-1
2015-02-04,15.768
2015-02-05,16.16
2015-02-06,15.498
2015-02-07,15.145
2015-02-08,15.235
2015-02-09,16.201
2015-02-10,16.336
2015-02-11,16.293
2015-02-12,15.645
2015-02-13,16.259
2015-02-14,
2015-02-15,16.399
2015-02-16,16.862
2015-02-17,-1
2015-02-18,16.887
2015-02-19,16.588
2015-02-20,-1
2015-02-21,17.058
2015-02-22,15.869
2015-02-23,16.614
2015-02-24,-1
2015-02-25,
2015-02-26,16.82
2015-02-27,17.938
2015-02-28,16.577
2015-03-01,17.731
2015-03-02,16.193
2015-03-03,17.052
2015-03-04,17.4
2015-03-05,17.702
2015-03-06,17.823
2015-03-07,17.916
2015-03-08,17.274
2015-03-09,17.247
2015-03-10,18.078
2015-03-11,17.486
2015-03-12,16.872
2015-03-13,16.992
2015-03-14,
2015-03-15,18.034
2015-03-16,17.851
2015-03-17,18.207
2015-03-18,17.563
2015-03-19,17.938
2015-03-20,18.241
2015-03-21,17.701
2015-03-22,18.18
2015-03-23,17.526
2015-03-24,-1
2015-03-25,17.724
2015-03-26,17.247
2015-03-27,18.267
2015-03-28,17.702
2015-03-29,17.998
2015-03-30,18.284
2015-03-31,18.266
2015-04-01,18.399
2015-04-02,17.94
2015-04-03,17.743
2015-04-04,-1
2015-04-05,16.976
2015-04-06,17.112
2015-04-07,17.178
2015-04-08,17.362
2015-04-09,18.187
2015-04-10,17.39
2015-04-11,17.69
2015-04-12,18.678
2015-04-13,17.665
2015-04-14,18.3
2015-04-15,17.274
2015-04-16,17.686
2015-04-17,17.213
2015-04-18,17.551
2015-04-19,18.229
2015-04-20,16.656
2015-04-21,17.92
2015-04-22,17.767
2015-04-23,
2015-04-24,16.681
2015-04-25,17.552
2015-04-26,17.149
2015-04-27,17.563
2015-04-28,17.392
2015-04-29,18.293
2015-04-30,17.14
2015-05-01,16.62
2015-05-02,17.291
2015-05-03,17.262
2015-05-04,17.892
2015-05-05,17.521
2015-05-06,17.177
2015-05-07,17.782
2015-05-08,16.131
2015-05-09,16.399
2015-05-10,16.164
2015-05-11,16.421
2015-05-12,15.763
2015-05-13,16.903
2015-05-14,16.32
2015-05-15,15.501
2015-05-16,15.703
2015-05-17,16.428
2015-05-18,16.67
2015-05-19,17.29
2015-05-20,17.764
2015-05-21,16.187
2015-05-22,15.266
2015-05-23,14.501
2015-05-24,15.86
2015-05-25,15.13
2015-05-26,-1
2015-05-27,15.084
2015-05-28,15.282
2015-05-29,15.92
2015-05-30,15.288
2015-05-31,15.01
2015-06-01,14.395
2015-06-02,13.922
2015-06-03,14.545
2015-06-04,14.713
2015-06-05,15.714
2015-06-06,14.638
2015-06-07,15.056
2015-06-08,14.072
2015-06-09,13.566
2015-06-10,13.602
2015-06-11,13.649
2015-06-12,15.264
2015-06-13,13.397
2015-06-14,14.295
2015-06-15,13.151
2015-06-16,14.152
2015-06-17,13.725
2015-06-18,13.299
2015-06-19,13.268
2015-06-20,12.799
2015-06-21,13.358
2015-06-22,12.716
2015-06-23,12.152
2015-06-24,12.018
2015-06-25,12.786
2015-06-26,13.527
2015-06-27,12.573
2015-06-28,12.303
2015-06-29,12.442
2015-06-30,-1
2015-07-01,12.196
2015-07-02,11.715
2015-07-03,12.522
2015-07-04,12.012
2015-07-05,12.573
2015-07-06,11.659
2015-07-07,10.711
2015-07-08,10.522
2015-07-09,12.231
2015-07-10,12.173
2015-07-11,10.929
2015-07-12,10.705
2015-07-13,11.71
2015-07-14,10.068
2015-07-15,10.095
2015-07-16,10.917
2015-07-17,10.195
2015-07-18,10.329
2015-07-19,10.135
2015-07-20,10.337
2015-07-21,10.882
2015-07-22,9.994
2015-07-23,10.23
2015-07-24,-1
2015-07-25,9.623
2015-07-26,9.051
2015-07-27,8.732
2015-07-28,8.843
2015-07-29,9.077
2015-07-30,9.736
2015-07-31,8.3
2015-08-01,9.024
2015-08-02,8.626
2015-08-03,8.632
2015-08-04,9.343
2015-08-05,8.978
2015-08-06,9.372
2015-08-07,8.393
2015-08-08,7.985
2015-08-09,8.186
2015-08-10,-1
2015-08-11,8.266
2015-08-12,7.43
2015-08-13,8.058
2015-08-14,8.064
2015-08-15,9.362
2015-08-16,8.904
2015-08-17,7.193
2015-08-18,7.461
2015-08-19,6.686
2015-08-20,7.14
2015-08-21,7.617
2015-08-22,8.085
2015-08-23,6.859
2015-08-24,6.841
2015-08-25,5.883
2015-08-26,7.013
2015-08-27,6.414
2015-08-28,6.676
2015-08-29,6.412
2015-08-30,6.826
2015-08-31,5.775
2015-09-01,5.898
2015-09-02,8.006
2015-09-03,5.907
2015-09-04,5.975
2015-09-05,7.69
2015-09-06,8.287
2015-09-07,5.799
2015-09-08,6.24
2015-09-09,6.627
2015-09-10,7.422
2015-09-11,5.757
2015-09-12,6.168
2015-09-13,6.75
2015-09-14,6.514
2015-09-15,5.998
2015-09-16,6.117
2015-09-17,5.347
2015-09-18,6.005
2015-09-19,5.966
2015-09-20,6.245
2015-09-21,5.754
2015-09-22,6.354
2015-09-23,6.663
2015-09-24,6.136
2015-09-25,6.242
2015-09-26,6.054
2015-09-27,6.014
2015-09-28,5.575
2015-09-29,6.193
2015-09-30,5.942
2015-10-01,7.256
2015-10-02,-1
2015-10-03,6.235
2015-10-04,-1
2015-10-05,5.347
2015-10-06,6.737
2015-10-07,6.19
2015-10-08,6.332
2015-10-09,5.011
2015-10-10,6.629
2015-10-11,6.362
2015-10-12,
2015-10-13,5.846
2015-10-14,6.309
2015-10-15,
2015-10-16,6.025
2015-10-17,6.166
2015-10-18,6.105
2015-10-19,6.379
2015-10-20,7.203
2015-10-21,4.814
2015-10-22,
2015-10-23,6.533
2015-10-24,6.644
2015-10-25,6.284
2015-10-26,5.495
2015-10-27,6.79
2015-10-28,-1
2015-10-29,5.765
2015-10-30,7.253
2015-10-31,6.587
2015-11-01,6.8
2015-11-02,6.258
2015-11-03,6.744
2015-11-04,7.781
2015-11-05,7.408
2015-11-06,
2015-11-07,7.885
2015-11-08,7.504
2015-11-09,-1
2015-11-10,7.633
2015-11-11,7.932
2015-11-12,7.325
2015-11-13,7.612
2015-11-14,7.224
2015-11-15,8.308
2015-11-16,7.08
2015-11-17,8.331
2015-11-18,7.822
2015-11-19,8.716
2015-11-20,8.541
2015-11-21,9.262
2015-11-22,8.688
2015-11-23,7.388
2015-11-24,8.373
2015-11-25,7.793
2015-11-26,8.27
2015-11-27,9.573
2015-11-28,9.135
2015-11-29,8.42
2015-11-30,8.319
2015-12-01,9.036
2015-12-02,8.377
2015-12-03,8.795
2015-12-04,9.476
2015-12-05,10.075
2015-12-06,9.84
2015-12-07,8.194
2015-12-08,9.846
2015-12-09,9.802
2015-12-10,10.104
2015-12-11,10.922
2015-12-12,8.811
2015-12-13,9.792
2015-12-14,10.6
2015-12-15,9.396
2015-12-16,11.33
2015-12-17,10.765
2015-12-18,11.152
2015-12-19,10.402
2015-12-20,11.334
2015-12-21,11.589
2015-12-22,11.189
2015-12-23,11.292
2015-12-24,-1
2015-12-25,10.838
2015-12-26,11.37
2015-12-27,11.47
2015-12-28,11.895
2015-12-29,12.368
2015-12-30,11.236
2015-12-31,11.899
2016-01-01,12.992
2016-01-02,11.76
2016-01-03,11.816
2016-01-04,12.534
2016-01-05,
2016-01-06,12.625
2016-01-07,13.518
2016-01-08,13.337
2016-01-09,13.43
2016-01-10,13.36
2016-01-11,14.525
2016-01-12,13.107
2016-01-13,12.129
2016-01-14,14.394
2016-01-15,13.256
2016-01-16,13.695
2016-01-17,14.515
2016-01-18,12.867
2016-01-19,13.175
2016-01-20,13.063
2016-01-21,13.644
2016-01-22,14.481
2016-01-23,
2016-01-24,14.573
2016-01-25,13.654
2016-01-26,13.209
2016-01-27,14.72
2016-01-28,14.496
2016-01-29,15.146
2016-01-30,15.382
2016-01-31,15.133
2016-02-01,15.595
2016-02-02,15.364
2016-02-03,15.631
2016-02-04,14.975
2016-02-05,15.375
2016-02-06,15.684
2016-02-07,16.141
2016-02-08,15.494
2016-02-09,16.123
2016-02-10,15.73
2016-02-11,15.897
2016-02-12,16.542
2016-02-13,14.924
2016-02-14,15.417
2016-02-15,15.378
2016-02-16,14.939
2016-02-17,16.003
2016-02-18,16.929
2016-02-19,16.377
2016-02-20,16.733
2016-02-21,17.333
2016-02-22,17.54
2016-02-23,16.764
2016-02-24,17.679
2016-02-25,16.982
2016-02-26,16.482
2016-02-27,16.685
2016-02-28,-1
2016-02-29,16.618
2016-03-01,16.988
2016-03-02,17.735
2016-03-03,18.335
2016-03-04,16.521
2016-03-05,17.631
2016-03-06,16.816
2016-03-07,17.768
2016-03-08,17.445
2016-03-09,16.465
2016-03-10,18.158
2016-03-11,17.274
2016-03-12,17.352
2016-03-13,17.063
2016-03-14,17.343
2016-03-15,18.022
2016-03-16,17.679
2016-03-17,18.016
2016-03-18,18.061
2016-03-19,18.658
2016-03-20,17.681
2016-03-21,17.02
2016-03-22,18.564
2016-03-23,17.74
2016-03-24,18.621
2016-03-25,18.195
2016-03-26,17.896
2016-03-27,18.193
2016-03-28,19.161
2016-03-29,-1
2016-03-30,18.04
2016-03-31,18.096
2016-04-01,18.645
2016-04-02,17.49
2016-04-03,18.193
2016-04-04,17.972
2016-04-05,18.169
2016-04-06,17.471
2016-04-07,17.007
2016-04-08,16.704
2016-04-09,17.263
2016-04-10,17.642
2016-04-11,17.723
2016-04-12,19.041
2016-04-13,18.521
2016-04-14,
2016-04-15,18.018
2016-04-16,17.539
2016-04-17,17.584
2016-04-18,17.836
2016-04-19,18.064
2016-04-20,17.456
2016-04-21,18.262
2016-04-22,16.902
2016-04-23,17.553
2016-04-24,19.067
2016-04-25,17.601
2016-04-26,18.284
2016-04-27,17.434
2016-04-28,17.681
2016-04-29,17.25
2016-04-30,17.132
2016-05-01,16.716
2016-05-02,17.389
2016-05-03,16.565
2016-05-04,17.42
2016-05-05,17.614
2016-05-06,17.124
2016-05-07,16.672
2016-05-08,17.055
2016-05-09,-1
2016-05-10,17.216
2016-05-11,15.491
2016-05-12,16.321
2016-05-13,15.259
2016-05-14,15.487
2016-05-15,17.131
2016-05-16,16.777
2016-05-17,15.735
2016-05-18,15.19
2016-05-19,14.237
2016-05-20,15.612
2016-05-21,17.312
2016-05-22,16.041
2016-05-23,15.364
2016-05-24,15.897
2016-05-25,14.598
2016-05-26,15.273
2016-05-27,15.426
2016-05-28,15.229
2016-05-29,15.668
2016-05-30,15.312
2016-05-31,15.418
2016-06-01,14.514
2016-06-02,15.375
2016-06-03,15.723
2016-06-04,14.071
2016-06-05,14.027
2016-06-06,15.268
2016-06-07,14.257
2016-06-08,-1
2016-06-09,13.915
2016-06-10,14.957
2016-06-11,14.066
2016-06-12,
2016-06-13,14.73
2016-06-14,13.476
2016-06-15,13.029
2016-06-16,13.225
2016-06-17,13.665
2016-06-18,12.353
2016-06-19,13.574
2016-06-20,12.767
2016-06-21,13.678
2016-06-22,11.45
2016-06-23,12.313
2016-06-24,11.67
2016-06-25,12.084
2016-06-26,12.625
2016-06-27,12.266
2016-06-28,12.119
2016-06-29,12.072
2016-06-30,-1
2016-07-01,11.356
2016-07-02,12.282
2016-07-03,12.153
2016-07-04,-1
2016-07-05,11.883
2016-07-06,11.624
2016-07-07,12.564
2016-07-08,11.189
2016-07-09,10.954
2016-07-10,10.584
2016-07-11,10.315
2016-07-12,10.087
2016-07-13,10.199
2016-07-14,10.589
2016-07-15,10.732
2016-07-16,10.462
2016-07-17,9.873
2016-07-18,
2016-07-19,10.579
2016-07-20,9.941
2016-07-21,9.548
2016-07-22,10.172
2016-07-23,9.86
2016-07-24,8.783
2016-07-25,9.516
2016-07-26,9.621
2016-07-27,8.83
2016-07-28,9.392
2016-07-29,8.313
2016-07-30,
2016-07-31,9.754
2016-08-01,8.765
2016-08-02,9.047
2016-08-03,7.295
2016-08-04,7.961
2016-08-05,8.394
2016-08-06,7.843
2016-08-07,8.831
2016-08-08,9.519
2016-08-09,7.534
2016-08-10,7.657
2016-08-11,8.222
2016-08-12,8.97
2016-08-13,7.194
2016-08-14,8.001
2016-08-15,8.871
2016-08-16,6.714
2016-08-17,6.865
2016-08-18,7.309
2016-08-19,7.182
2016-08-20,7.915
2016-08-21,7.506
2016-08-22,6.231
2016-08-23,7.542
2016-08-24,6.825
2016-08-25,7.875
2016-08-26,6.675
2016-08-27,6.612
2016-08-28,7.262
2016-08-29,7.341
2016-08-30,7.099
2016-08-31,5.767
2016-09-01,7.051
2016-09-02,6.059
2016-09-03,6.774
2016-09-04,5.733
2016-09-05,6.811
2016-09-06,6.018
2016-09-07,5.691
2016-09-08,6.85
2016-09-09,6.53
2016-09-10,5.981
2016-09-11,7.186
2016-09-12,6.019
2016-09-13,6.272
2016-09-14,6.385
2016-09-15,5.825
2016-09-16,6.454
2016-09-17,5.828
2016-09-18,5.879
2016-09-19,6.923
2016-09-20,5.463
2016-09-21,4.623
2016-09-22,7.022
2016-09-23,7.572
2016-09-24,5.788
2016-09-25,4.86
2016-09-26,5.827
2016-09-27,5.836
2016-09-28,5.889
2016-09-29,5.333
2016-09-30,-1
2016-10-01,6.316
2016-10-02,5.107
2016-10-03,6.428
2016-10-04,7.246
2016-10-05,6.126
2016-10-06,5.83
2016-10-07,5.959
2016-10-08,6.427
2016-10-09,5.034
2016-10-10,6.188
2016-10-11,5.874
2016-10-12,7.237
2016-10-13,6.046
2016-10-14,7.175
2016-10-15,
2016-10-16,6.58
2016-10-17,6.448
2016-10-18,5.766
2016-10-19,6.426
2016-10-20,7.081
2016-10-21,6.195
2016-10-22,5.412
2016-10-23,6.455
2016-10-24,5.965
2016-10-25,6.344
2016-10-26,6.544
2016-10-27,5.615
2016-10-28,5.716
2016-10-29,7.024
2016-10-30,6.471
2016-10-31,5.298
2016-11-01,7.361
2016-11-02,7.108
2016-11-03,6.573
2016-11-04,6.269
2016-11-05,7.619
2016-11-06,7.388
2016-11-07,8.67
2016-11-08,7.557
2016-11-09,7.602
2016-11-10,7.336
2016-11-11,7.993
2016-11-12,7.947
2016-11-13,8.394
2016-11-14,7.401
2016-11-15,7.526
2016-11-16,7.574
2016-11-17,8.411
2016-11-18,8.912
2016-11-19,7.816
2016-11-20,7.915
2016-11-21,8.438
2016-11-22,
2016-11-23,8.984
2016-11-24,7.145
2016-11-25,8.085
2016-11-26,-1
2016-11-27,7.36
2016-11-28,8.261
2016-11-29,8.379
2016-11-30,8.896
2016-12-01,9.775
2016-12-02,9.051
2016-12-03,8.671
2016-12-04,9.348
2016-12-05,10.105
2016-12-06,
2016-12-07,9.117
2016-12-08,10.094
2016-12-09,9.722
2016-12-10,10.34
2016-12-11,10.041
2016-12-12,10.568
2016-12-13,9.625
2016-12-14,10.337
2016-12-15,10.318
2016-12-16,9.814
2016-12-17,9.706
2016-12-18,11.156
2016-12-19,10.635
2016-12-20,10.334
2016-12-21,10.992
2016-12-22,11.828
2016-12-23,9.885
2016-12-24,10.458
2016-12-25,10.905
2016-12-26,12.438
2016-12-27,11.834
2016-12-28,12.228
2016-12-29,11.187
2016-12-30,-1
2016-12-31,12.346
2017-01-01,12.138
2017-01-02,12.536
2017-01-03,12.197
2017-01-04,12.579
2017-01-05,12.61
2017-01-06,13.085
2017-01-07,13.205
2017-01-08,11.851
2017-01-09,
2017-01-10,13.628
2017-01-11,13.841
2017-01-12,12.617
2017-01-13,12.215
2017-01-14,13.49
2017-01-15,14.09
2017-01-16,14.709
2017-01-17,14.04
2017-01-18,13.605
2017-01-19,13.39
2017-01-20,14.031
2017-01-21,13.941
2017-01-22,13.608
2017-01-23,15.542
2017-01-24,15.478
2017-01-25,15.183
2017-01-26,14.042
2017-01-27,15.201
2017-01-28,15.163
2017-01-29,15.136
2017-01-30,15.711
2017-01-31,15.431
2017-02-01,15.583
2017-02-02,15.608
2017-02-03,15.517
2017-02-04,14.328
2017-02-05,15.533
2017-02-06,15.233
2017-02-07,14.881
2017-02-08,16.739
2017-02-09,16.848
2017-02-10,16.705
2017-02-11,16.121
2017-02-12,16.855
2017-02-13,16.127
2017-02-14,16.316
2017-02-15,15.612
2017-02-16,16.578
2017-02-17,16.446
2017-02-18,15.698
2017-02-19,-1
2017-02-20,16.566
2017-02-21,17.758
2017-02-22,17.28
2017-02-23,16.813
2017-02-24,17.016
2017-02-25,16.953
2017-02-26,
2017-02-27,16.392
2017-02-28,17.006
2017-03-01,16.703
2017-03-02,16.452
2017-03-03,17.56
2017-03-04,17.537
2017-03-05,16.278
2017-03-06,17.322
2017-03-07,18.038
2017-03-08,
2017-03-09,18.139
2017-03-10,17.587
2017-03-11,
2017-03-12,16.987
2017-03-13,17.879
2017-03-14,17.932
2017-03-15,18.508
2017-03-16,18.425
2017-03-17,17.714
2017-03-18,17.073
2017-03-19,17.652
2017-03-20,17.996
2017-03-21,17.765
2017-03-22,17.559
2017-03-23,18.075
2017-03-24,17.636
2017-03-25,17.576
2017-03-26,18.152
2017-03-27,17.734
2017-03-28,18.13
2017-03-29,18.154
2017-03-30,17.312
2017-03-31,17.71
2017-04-01,18.863
2017-04-02,17.302
2017-04-03,16.727
2017-04-04,16.876
2017-04-05,18.005
2017-04-06,
2017-04-07,17.901
2017-04-08,18.689
2017-04-09,16.344
2017-04-10,18.171
2017-04-11,18.854
2017-04-12,17.222
2017-04-13,17.651
2017-04-14,17.406
2017-04-15,17.298
2017-04-16,17.614
2017-04-17,18.639
2017-04-18,18.857
2017-04-19,17.523
2017-04-20,18.836
2017-04-21,17.681
2017-04-22,18.676
2017-04-23,17.531
2017-04-24,17.627
2017-04-25,17.728
2017-04-26,19.374
2017-04-27,17.934
2017-04-28,16.954
2017-04-29,17.914
2017-04-30,17.067
2017-05-01,16.941
2017-05-02,17.728
2017-05-03,17.149
2017-05-04,17.243
2017-05-05,17.029
2017-05-06,17.165
2017-05-07,17.159
2017-05-08,15.682
2017-05-09,17.183
2017-05-10,16.13
2017-05-11,15.79
2017-05-12,16.554
2017-05-13,16.573
2017-05-14,16.038
2017-05-15,16.882
2017-05-16,15.507
2017-05-17,-1
2017-05-18,15.816
2017-05-19,16.064
2017-05-20,
2017-05-21,15.334
2017-05-22,16.295
2017-05-23,15.818
2017-05-24,14.565
2017-05-25,14.443
2017-05-26,15.528
2017-05-27,15.319
2017-05-28,15.304
2017-05-29,15.263
2017-05-30,15.329
2017-05-31,15.674
2017-06-01,14.35
2017-06-02,14.224
2017-06-03,14.181
2017-06-04,14.919
2017-06-05,15.4
2017-06-06,14.301
2017-06-07,12.965
2017-06-08,13.349
2017-06-09,13.777
2017-06-10,13.846
2017-06-11,13.839
2017-06-12,14.01
2017-06-13,13.703
2017-06-14,14.421
2017-06-15,13.287
2017-06-16,13.076
2017-06-17,13.781
2017-06-18,12.472
2017-06-19,13.527
2017-06-20,13.253
2017-06-21,13.002
2017-06-22,13.942
2017-06-23,12.514
2017-06-24,14.021
2017-06-25,12.547
2017-06-26,11.813
2017-06-27,12.519
2017-06-28,11.728
2017-06-29,11.82
2017-06-30,12.406
2017-07-01,-1
2017-07-02,11.588
2017-07-03,12.451
2017-07-04,12.449
2017-07-05,12.514
2017-07-06,11.867
2017-07-07,-1
2017-07-08,10.215
2017-07-09,11.05
2017-07-10,10.618
2017-07-11,11.108
2017-07-12,10.592
2017-07-13,10.734
2017-07-14,11.862
2017-07-15,10.53
2017-07-16,10.78
2017-07-17,10.292
2017-07-18,10.378
2017-07-19,10.237
2017-07-20,10.404
2017-07-21,10.736
2017-07-22,10.928
2017-07-23,10.029
2017-07-24,10.101
2017-07-25,8.961
2017-07-26,9.504
2017-07-27,10.027
2017-07-28,9.89
2017-07-29,9.405
2017-07-30,9.718
2017-07-31,9.39
2017-08-01,9.726
2017-08-02,9.09
2017-08-03,8.615
2017-08-04,8.943
2017-08-05,6.897
2017-08-06,8.8
2017-08-07,6.297
2017-08-08,7.369
2017-08-09,8.592
2017-08-10,8.526
2017-08-11,7.462
2017-08-12,7.654
2017-08-13,8.826
2017-08-14,7.637
2017-08-15,9.198
2017-08-16,7.777
2017-08-17,7.95
2017-08-18,8.604
2017-08-19,7.642
2017-08-20,6.893
2017-08-21,7.361
2017-08-22,7.34
2017-08-23,6.478
2017-08-24,7.08
2017-08-25,6.726
2017-08-26,7.665
2017-08-27,7.072
2017-08-28,
2017-08-29,6.874
2017-08-30,7.017
2017-08-31,7.2
2017-09-01,6.178
2017-09-02,6.103
2017-09-03,
2017-09-04,-1
2017-09-05,
2017-09-06,6.81
2017-09-07,6.78
2017-09-08,
2017-09-09,6.56
2017-09-10,6.826
2017-09-11,
2017-09-12,6.695
2017-09-13,5.441
2017-09-14,6.452
2017-09-15,6.043
2017-09-16,5.907
2017-09-17,
2017-09-18,7.036
2017-09-19,7.203
2017-09-20,6.895
2017-09-21,6.022
2017-09-22,6.282
2017-09-23,6.516
2017-09-24,6.115
2017-09-25,6.11
2017-09-26,6.516
2017-09-27,5.978
2017-09-28,5.57
2017-09-29,5.755
2017-09-30,6.381
2017-10-01,6.002
2017-10-02,6.205
2017-10-03,6.406
2017-10-04,5.783
2017-10-05,6.468
2017-10-06,
2017-10-07,5.292
2017-10-08,6.91
2017-10-09,5.757
2017-10-10,5.08
2017-10-11,5.463
2017-10-12,5.496
2017-10-13,6.16
2017-10-14,5.987
2017-10-15,5.973
2017-10-16,6.572
2017-10-17,6.432
2017-10-18,6.446
2017-10-19,6.533
2017-10-20,6.689
2017-10-21,5.089
2017-10-22,6.171
2017-10-23,5.119
2017-10-24,
2017-10-25,6.504
2017-10-26,7.176
2017-10-27,7.306
2017-10-28,6.76
2017-10-29,6.385
2017-10-30,
2017-10-31,6.468
2017-11-01,6.836
2017-11-02,7.481
2017-11-03,
2017-11-04,7.484
2017-11-05,
2017-11-06,6.545
2017-11-07,7.763
2017-11-08,7.66
2017-11-09,7.366
2017-11-10,6.912
2017-11-11,6.92
2017-11-12,7.181
2017-11-13,7.898
2017-11-14,7.069
2017-11-15,7.977
2017-11-16,7.042
2017-11-17,7.739
2017-11-18,8.002
2017-11-19,9.48
2017-11-20,7.264
2017-11-21,9.053
2017-11-22,8.34
2017-11-23,-1
2017-11-24,8.484
2017-11-25,8.763
2017-11-26,8.488
2017-11-27,9.538
2017-11-28,8.478
2017-11-29,9.519
2017-11-30,8.541
2017-12-01,8.981
2017-12-02,8.464
2017-12-03,9.471
2017-12-04,10.156
2017-12-05,9.335
2017-12-06,9.357
2017-12-07,8.9
2017-12-08,9.526
2017-12-09,8.803
2017-12-10,-1
2017-12-11,10.088
2017-12-12,10.841
2017-12-13,11.833
2017-12-14,9.894
2017-12-15,11.206
2017-12-16,10.59
2017-12-17,10.453
2017-12-18,10.904
2017-12-19,10.782
2017-12-20,10.912
2017-12-21,10.703
2017-12-22,10.21
2017-12-23,10.225
2017-12-24,11.646
2017-12-25,11.19
2017-12-26,11.101
2017-12-27,11.567
2017-12-28,12.142
2017-12-29,11.876
2017-12-30,11.477
2017-12-31,12.71
2018-01-01,13.051
2018-01-02,
2018-01-03,12.894
2018-01-04,13.158
2018-01-05,13.193
2018-01-06,12.987
2018-01-07,13.08
2018-01-08,13.135
2018-01-09,12.267
2018-01-10,13.447
2018-01-11,12.315
2018-01-12,12.753
2018-01-13,14.113
2018-01-14,13.935
2018-01-15,14.424
2018-01-16,13.468
2018-01-17,13.038
2018-01-18,13.684
2018-01-19,13.988
2018-01-20,14.071
2018-01-21,14.801
2018-01-22,
2018-01-23,
2018-01-24,13.814
2018-01-25,14.772
2018-01-26,14.597
2018-01-27,14.238
2018-01-28,14.638
2018-01-29,14.76
2018-01-30,14.799
2018-01-31,16.113
2018-02-01,15.079
2018-02-02,15.08
2018-02-03,14.054
2018-02-04,14.862
2018-02-05,15.325
2018-02-06,15.155
2018-02-07,16.478
2018-02-08,15.631
2018-02-09,16.583
2018-02-10,15.927
2018-02-11,15.99
2018-02-12,15.991
2018-02-13,16.122
2018-02-14,17.226
2018-02-15,14.876
2018-02-16,15.139
2018-02-17,-1
2018-02-18,16.488
2018-02-19,16.962
2018-02-20,16.898
2018-02-21,16.449
2018-02-22,17.355
2018-02-23,17.424
2018-02-24,16.977
2018-02-25,17.504
2018-02-26,17.148
2018-02-27,16.705
2018-02-28,17.515
2018-03-01,-1
2018-03-02,17.203
2018-03-03,18.137
2018-03-04,15.832
2018-03-05,16.499
2018-03-06,16.684
2018-03-07,17.222
2018-03-08,17.33
2018-03-09,16.62
2018-03-10,16.972
2018-03-11,17.085
2018-03-12,19.112
2018-03-13,18.753
2018-03-14,17.458
2018-03-15,17.518
2018-03-16,17.076
2018-03-17,16.648
2018-03-18,17.749
2018-03-19,17.245
2018-03-20,17.815
2018-03-21,16.927
2018-03-22,17.449
2018-03-23,18.012
2018-03-24,18.158
2018-03-25,18.203
2018-03-26,17.172
2018-03-27,18.488
2018-03-28,
2018-03-29,18.37
2018-03-30,17.989
2018-03-31,17.173
2018-04-01,17.81
2018-04-02,18.219
2018-04-03,18.365
2018-04-04,-1
2018-04-05,18.907
2018-04-06,18.585
2018-04-07,17.817
2018-04-08,18.41
2018-04-09,19.108
2018-04-10,19.109
2018-04-11,17.18
2018-04-12,17.343
2018-04-13,-1
2018-04-14,17.223
2018-04-15,17.041
2018-04-16,17.518
2018-04-17,18.035
2018-04-18,17.693
2018-04-19,17.334
2018-04-20,17.288
2018-04-21,17.232
2018-04-22,17.096
2018-04-23,18.956
2018-04-24,17.727
2018-04-25,18.041
2018-04-26,17.174
2018-04-27,17.312
2018-04-28,16.951
2018-04-29,15.741
2018-04-30,16.457
2018-05-01,16.148
2018-05-02,15.833
2018-05-03,16.413
2018-05-04,17.871
2018-05-05,16.994
2018-05-06,17.737
2018-05-07,17.151
2018-05-08,17.314
2018-05-09,16.242
2018-05-10,17.034
2018-05-11,17.092
2018-05-12,16.243
2018-05-13,16.858
2018-05-14,16.793
2018-05-15,16.054
2018-05-16,15.639
2018-05-17,15.53
2018-05-18,16.219
2018-05-19,16.288
2018-05-20,15.54
2018-05-21,15.954
2018-05-22,16.202
2018-05-23,16.151
2018-05-24,
2018-05-25,16.384
2018-05-26,14.934
2018-05-27,16.461
2018-05-28,15.048
2018-05-29,15.907
2018-05-30,15.234
2018-05-31,14.858
2018-06-01,13.932
2018-06-02,14.824
2018-06-03,13.901
2018-06-04,15.326
2018-06-05,15.563
2018-06-06,-1
2018-06-07,14.648
2018-06-08,13.937
2018-06-09,13.9
2018-06-10,14.646
2018-06-11,14.061
2018-06-12,15.031
2018-06-13,13.6
2018-06-14,14.391
2018-06-15,13.751
2018-06-16,-1
2018-06-17,13.225
2018-06-18,13.364
2018-06-19,13.224
2018-06-20,12.69
2018-06-21,13.488
2018-06-22,13.379
2018-06-23,13.243
2018-06-24,13.707
2018-06-25,13.552
2018-06-26,12.355
2018-06-27,12.701
2018-06-28,12.0
2018-06-29,12.285
2018-06-30,11.808
2018-07-01,13.037
2018-07-02,12.18
2018-07-03,11.727
2018-07-04,12.471
2018-07-05,10.349
2018-07-06,10.34
2018-07-07,11.924
2018-07-08,11.38
2018-07-09,11.391
2018-07-10,10.343
2018-07-11,11.023
2018-07-12,12.137
2018-07-13,11.328
2018-07-14,10.834
2018-07-15,10.368
2018-07-16,10.295
2018-07-17,9.154
2018-07-18,10.487
2018-07-19,10.741
2018-07-20,9.189
2018-07-21,9.64
2018-07-22,
2018-07-23,9.264
2018-07-24,9.779
2018-07-25,8.401
2018-07-26,-1
2018-07-27,9.916
2018-07-28,9.219
2018-07-29,7.789
2018-07-30,8.588
2018-07-31,9.835
2018-08-01,7.339
2018-08-02,8.708
2018-08-03,8.121
2018-08-04,9.224
2018-08-05,8.25
2018-08-06,8.812
2018-08-07,8.825
2018-08-08,9.504
2018-08-09,8.199
2018-08-10,8.465
2018-08-11,7.269
2018-08-12,8.795
2018-08-13,7.547
2018-08-14,7.591
2018-08-15,7.839
2018-08-16,6.84
2018-08-17,7.842
2018-08-18,8.214
2018-08-19,7.739
2018-08-20,6.541
2018-08-21,7.353
2018-08-22,7.806
2018-08-23,6.17
2018-08-24,6.588
2018-08-25,-1
2018-08-26,7.273
2018-08-27,7.299
2018-08-28,8.109
2018-08-29,7.219
2018-08-30,7.278
2018-08-31,8.456
2018-09-01,6.65
2018-09-02,6.249
2018-09-03,6.936
2018-09-04,6.896
2018-09-05,6.271
2018-09-06,5.924
2018-09-07,7.887
2018-09-08,6.657
2018-09-09,5.983
2018-09-10,6.935
2018-09-11,6.284
2018-09-12,6.164
2018-09-13,6.621
2018-09-14,5.478
2018-09-15,6.436
2018-09-16,7.345
2018-09-17,6.451
2018-09-18,5.922
2018-09-19,5.822
2018-09-20,5.86
2018-09-21,5.935
2018-09-22,5.844
2018-09-23,6.606
2018-09-24,5.003
2018-09-25,6.548
2018-09-26,5.794
2018-09-27,6.24
2018-09-28,5.331
2018-09-29,6.801
2018-09-30,6.748
2018-10-01,6.576
2018-10-02,5.092
2018-10-03,6.501
2018-10-04,6.251
2018-10-05,5.051
2018-10-06,6.008
2018-10-07,6.251
2018-10-08,6.378
2018-10-09,6.164
2018-10-10,6.248
2018-10-11,6.974
2018-10-12,6.844
2018-10-13,4.408
2018-10-14,5.96
2018-10-15,6.076
2018-10-16,5.149
2018-10-17,6.284
2018-10-18,7.006
2018-10-19,5.635
2018-10-20,6.522
2018-10-21,5.804
2018-10-22,5.986
2018-10-23,7.313
2018-10-24,6.14
2018-10-25,6.784
2018-10-26,5.426
2018-10-27,7.71
2018-10-28,7.0
2018-10-29,6.576
2018-10-30,7.08
2018-10-31,5.939
2018-11-01,7.546
2018-11-02,6.695
2018-11-03,6.822
2018-11-04,6.706
2018-11-05,6.71
2018-11-06,7.535
2018-11-07,
2018-11-08,7.632
2018-11-09,7.299
2018-11-10,-1
2018-11-11,7.184
2018-11-12,8.841
2018-11-13,-1
2018-11-14,8.399
2018-11-15,8.535
2018-11-16,7.276
2018-11-17,9.199
2018-11-18,8.534
2018-11-19,8.596
2018-11-20,8.108
2018-11-21,8.039
2018-11-22,8.124
2018-11-23,8.565
2018-11-24,9.254
2018-11-25,8.605
2018-11-26,8.034
2018-11-27,9.161
2018-11-28,9.305
2018-11-29,9.232
2018-11-30,9.375
2018-12-01,8.854
2018-12-02,8.549
2018-12-03,8.677
2018-12-04,8.308
2018-12-05,9.524
2018-12-06,9.425
2018-12-07,9.305
2018-12-08,7.89
2018-12-09,9.011
2018-12-10,10.528
2018-12-11,9.553
2018-12-12,10.266
2018-12-13,9.313
2018-12-14,11.109
2018-12-15,10.258
2018-12-16,10.618
2018-12-17,11.939
2018-12-18,11.554
2018-12-19,10.561
2018-12-20,10.49
2018-12-21,10.752
2018-12-22,11.355
2018-12-23,11.088
2018-12-24,11.016
2018-12-25,12.236
2018-12-26,11.39
2018-12-27,12.941
2018-12-28,11.719
2018-12-29,12.839
2018-12-30,12.085
2018-12-31,12.552
2019-01-01,11.668
2019-01-02,11.694
2019-01-03,12.585
2019-01-04,13.006
2019-01-05,12.54
2019-01-06,11.846
2019-01-07,11.905
2019-01-08,11.967
2019-01-09,11.865
2019-01-10,13.093
2019-01-11,13.804
2019-01-12,13.222
2019-01-13,11.974
2019-01-14,13.317
2019-01-15,13.433
2019-01-16,14.888
2019-01-17,12.855
2019-01-18,13.594
2019-01-19,14.95
2019-01-20,14.294
2019-01-21,-1
2019-01-22,-1
2019-01-23,14.51
2019-01-24,14.874
2019-01-25,14.016
2019-01-26,15.122
2019-01-27,13.864
2019-01-28,14.977
2019-01-29,14.978
2019-01-30,-1
2019-01-31,15.037
2019-02-01,14.765
2019-02-02,14.583
2019-02-03,15.1
2019-02-04,14.736
2019-02-05,15.676
2019-02-06,14.876
2019-02-07,16.076
2019-02-08,15.021
2019-02-09,15.471
2019-02-10,15.515
2019-02-11,16.763
2019-02-12,16.243
2019-02-13,15.993
2019-02-14,
2019-02-15,15.003
2019-02-16,16.314
2019-02-17,
2019-02-18,16.559
2019-02-19,16.588
2019-02-20,16.943
2019-02-21,17.217
2019-02-22,15.545
2019-02-23,15.796
2019-02-24,16.993
2019-02-25,16.498
2019-02-26,17.772
2019-02-27,16.852
2019-02-28,15.936
2019-03-01,16.39
2019-03-02,15.553
2019-03-03,17.113
2019-03-04,17.189
2019-03-05,17.095
2019-03-06,18.043
2019-03-07,18.159
2019-03-08,17.381
2019-03-09,16.243
2019-03-10,17.934
2019-03-11,17.934
2019-03-12,17.823
2019-03-13,18.261
2019-03-14,17.006
2019-03-15,18.941
2019-03-16,17.19
2019-03-17,18.243
2019-03-18,16.807
2019-03-19,
2019-03-20,18.776
2019-03-21,17.73
2019-03-22,18.41
2019-03-23,18.065
2019-03-24,
2019-03-25,18.771
2019-03-26,17.823
2019-03-27,16.907
2019-03-28,17.502
2019-03-29,18.321
2019-03-30,18.233
2019-03-31,17.058
2019-04-01,17.565
2019-04-02,-1
2019-04-03,17.778
2019-04-04,17.168
2019-04-05,17.611
2019-04-06,17.543
2019-04-07,18.434
2019-04-08,18.446
2019-04-09,17.86
2019-04-10,17.698
2019-04-11,18.001
2019-04-12,17.409
2019-04-13,17.191
2019-04-14,17.294
2019-04-15,17.454
2019-04-16,17.111
2019-04-17,17.88
2019-04-18,-1
2019-04-19,16.772
2019-04-20,17.708
2019-04-21,17.527
2019-04-22,17.829
2019-04-23,17.579
2019-04-24,16.677
2019-04-25,16.751
2019-04-26,17.485
2019-04-27,18.041
2019-04-28,16.05
2019-04-29,17.54
2019-04-30,17.998
2019-05-01,17.143
2019-05-02,17.513
2019-05-03,16.709
2019-05-04,17.005
2019-05-05,16.048
2019-05-06,15.557
2019-05-07,17.47
2019-05-08,16.253
2019-05-09,16.509
2019-05-10,15.888
2019-05-11,15.809
2019-05-12,16.485
2019-05-13,
2019-05-14,16.68
2019-05-15,16.655
2019-05-16,16.505
2019-05-17,16.384
2019-05-18,17.113
2019-05-19,15.451
2019-05-20,-1
2019-05-21,16.618
2019-05-22,16.619
2019-05-23,
2019-05-24,15.512
2019-05-25,16.433
2019-05-26,15.84
2019-05-27,15.568
2019-05-28,15.236
2019-05-29,15.05
2019-05-30,15.366
2019-05-31,14.954
2019-06-01,14.991
2019-06-02,14.974
2019-06-03,14.43
2019-06-04,15.064
2019-06-05,16.402
2019-06-06,13.494
2019-06-07,
2019-06-08,13.916
2019-06-09,14.623
2019-06-10,14.209
2019-06-11,14.542
2019-06-12,14.693
2019-06-13,
2019-06-14,14.471
2019-06-15,12.286
2019-06-16,14.548
2019-06-17,13.719
2019-06-18,14.04
2019-06-19,12.561
2019-06-20,12.693
2019-06-21,13.178
2019-06-22,12.979
2019-06-23,13.057
2019-06-24,13.435
2019-06-25,11.623
2019-06-26,13.164
2019-06-27,12.482
2019-06-28,12.252
2019-06-29,11.388
2019-06-30,12.47
2019-07-01,10.616
2019-07-02,12.35
2019-07-03,10.963
2019-07-04,11.787
2019-07-05,11.58
2019-07-06,12.251
2019-07-07,11.339
2019-07-08,10.927
2019-07-09,10.937
2019-07-10,11.902
2019-07-11,
2019-07-12,10.703
2019-07-13,10.692
2019-07-14,9.792
2019-07-15,10.865
2019-07-16,9.475
2019-07-17,10.883
2019-07-18,10.409
2019-07-19,11.665
2019-07-20,9.475
2019-07-21,9.975
2019-07-22,11.019
2019-07-23,10.558
2019-07-24,9.329
2019-07-25,-1
2019-07-26,9.558
2019-07-27,9.632
2019-07-28,8.951
2019-07-29,9.224
2019-07-30,8.227
2019-07-31,9.177
2019-08-01,9.276
2019-08-02,8.78
2019-08-03,7.859
2019-08-04,9.334
2019-08-05,
2019-08-06,8.134
2019-08-07,8.317
2019-08-08,7.502
2019-08-09,7.705
2019-08-10,7.917
2019-08-11,8.897
2019-08-12,7.697
2019-08-13,8.388
2019-08-14,7.604
2019-08-15,8.001
2019-08-16,7.693
2019-08-17,8.229
2019-08-18,7.313
2019-08-19,6.62
2019-08-20,6.666
2019-08-21,7.108
2019-08-22,6.612
2019-08-23,7.543
2019-08-24,6.954
2019-08-25,8.596
2019-08-26,6.068
2019-08-27,7.174
2019-08-28,6.317
2019-08-29,6.642
2019-08-30,6.968
2019-08-31,5.435
2019-09-01,6.92
2019-09-02,7.87
2019-09-03,6.408
2019-09-04,6.789
2019-09-05,7.202
2019-09-06,6.445
2019-09-07,6.153
2019-09-08,-1
2019-09-09,6.807
2019-09-10,6.317
2019-09-11,5.742
2019-09-12,6.392
2019-09-13,5.933
2019-09-14,5.936
2019-09-15,6.588
2019-09-16,5.394
2019-09-17,6.8
2019-09-18,5.309
2019-09-19,5.728
2019-09-20,7.26
2019-09-21,6.764
2019-09-22,6.129
2019-09-23,5.492
2019-09-24,5.725
2019-09-25,6.075
2019-09-26,-1
2019-09-27,5.959
2019-09-28,-1
2019-09-29,5.875
2019-09-30,5.136
2019-10-01,5.69
2019-10-02,6.55
2019-10-03,5.183
2019-10-04,-1
2019-10-05,5.523
2019-10-06,6.09
2019-10-07,5.799
2019-10-08,6.931
2019-10-09,6.362
2019-10-10,5.286
2019-10-11,6.492
2019-10-12,5.644
2019-10-13,5.783
2019-10-14,6.339
2019-10-15,5.88
2019-10-16,6.736
2019-10-17,5.763
2019-10-18,5.885
2019-10-19,5.893
2019-10-20,5.98
2019-10-21,
2019-10-22,6.767
2019-10-23,7.453
2019-10-24,7.827
2019-10-25,5.888
2019-10-26,6.591
2019-10-27,5.887
2019-10-28,-1
2019-10-29,6.308
2019-10-30,6.1
2019-10-31,6.153
2019-11-01,6.75
2019-11-02,6.16
2019-11-03,
2019-11-04,6.45
2019-11-05,8.744
2019-11-06,6.847
2019-11-07,7.222
2019-11-08,6.464
2019-11-09,8.328
2019-11-10,8.041
2019-11-11,7.614
2019-11-12,6.695
2019-11-13,7.699
2019-11-14,-1
2019-11-15,8.592
2019-11-16,8.273
2019-11-17,7.918
2019-11-18,6.475
2019-11-19,7.423
2019-11-20,8.503
2019-11-21,8.897
2019-11-22,8.915
2019-11-23,7.376
2019-11-24,8.594
2019-11-25,9.106
2019-11-26,7.586
2019-11-27,8.661
2019-11-28,8.917
2019-11-29,8.659
2019-11-30,7.816
2019-12-01,8.821
2019-12-02,8.91
2019-12-03,-1
2019-12-04,8.951
2019-12-05,9.116
2019-12-06,9.451
2019-12-07,9.834
2019-12-08,9.481
2019-12-09,9.513
2019-12-10,9.911
2019-12-11,8.799
2019-12-12,10.335
2019-12-13,10.147
2019-12-14,10.269
2019-12-15,10.921
2019-12-16,9.272
2019-12-17,9.36
2019-12-18,10.809
2019-12-19,-1
2019-12-20,10.948
2019-12-21,10.67
2019-12-22,11.448
2019-12-23,11.711
2019-12-24,11.544
2019-12-25,11.2
2019-12-26,10.194
2019-12-27,12.023
2019-12-28,12.398
2019-12-29,12.155
2019-12-30,11.343
2019-12-31,12.378
2020-01-01,12.62
2020-01-02,13.142
2020-01-03,11.784
2020-01-04,12.277
2020-01-05,12.964
2020-01-06,12.653
2020-01-07,12.05
2020-01-08,13.072
2020-01-09,13.272
2020-01-10,13.08
2020-01-11,13.26
2020-01-12,13.075
2020-01-13,14.218
2020-01-14,12.891
2020-01-15,13.179
2020-01-16,13.637
2020-01-17,14.257
2020-01-18,12.93
2020-01-19,13.14
2020-01-20,12.801
2020-01-21,14.14
2020-01-22,13.546
2020-01-23,14.082
2020-01-24,14.804
2020-01-25,14.117
2020-01-26,14.734
2020-01-27,14.508
2020-01-28,15.183
2020-01-29,15.156
2020-01-30,14.546
2020-01-31,14.949
2020-02-01,15.765
2020-02-02,15.462
2020-02-03,-1
2020-02-04,15.792
2020-02-05,14.832
2020-02-06,16.414
2020-02-07,16.263
2020-02-08,15.904
2020-02-09,15.905
2020-02-10,15.764
2020-02-11,16.375
2020-02-12,15.822
2020-02-13,16.261
2020-02-14,16.718
2020-02-15,15.931
2020-02-16,-1
2020-02-17,15.694
2020-02-18,15.841
2020-02-19,15.45
2020-02-20,17.052
2020-02-21,17.765
2020-02-22,17.599
2020-02-23,15.83
2020-02-24,17.302
2020-02-25,17.78
2020-02-26,16.711
2020-02-27,17.102
2020-02-28,15.892
2020-02-29,17.31
2020-03-01,16.564
2020-03-02,17.373
2020-03-03,16.366
2020-03-04,17.676
2020-03-05,18.01
2020-03-06,16.97
2020-03-07,16.801
2020-03-08,16.23
2020-03-09,17.404
2020-03-10,17.252
2020-03-11,16.707
2020-03-12,17.944
2020-03-13,17.435
2020-03-14,17.09
2020-03-15,17.433
2020-03-16,18.436
2020-03-17,18.181
2020-03-18,17.765
2020-03-19,18.237
2020-03-20,17.19
2020-03-21,17.925
2020-03-22,18.012
2020-03-23,17.657
2020-03-24,18.214
2020-03-25,17.496
2020-03-26,18.281
2020-03-27,18.315
2020-03-28,16.24
2020-03-29,18.709
2020-03-30,16.17
2020-03-31,17.63
2020-04-01,18.615
2020-04-02,17.807
2020-04-03,17.114
2020-04-04,17.332
2020-04-05,18.597
2020-04-06,16.818
2020-04-07,18.638
2020-04-08,17.915
2020-04-09,17.218
2020-04-10,17.567
2020-04-11,17.289
2020-04-12,18.399
2020-04-13,18.297
2020-04-14,16.803
2020-04-15,17.567
2020-04-16,17.265
2020-04-17,18.531
2020-04-18,16.914
2020-04-19,18.655
2020-04-20,17.639
2020-04-21,16.927
2020-04-22,17.181
2020-04-23,17.068
2020-04-24,
2020-04-25,17.524
2020-04-26,16.687
2020-04-27,16.071
2020-04-28,17.104
2020-04-29,16.202
2020-04-30,16.783
2020-05-01,16.638
2020-05-02,-1
2020-05-03,18.277
2020-05-04,17.054
2020-05-05,17.11
2020-05-06,15.839
2020-05-07,16.452
2020-05-08,16.912
2020-05-09,16.105
2020-05-10,17.2
2020-05-11,15.868
2020-05-12,16.35
2020-05-13,16.102
2020-05-14,16.482
2020-05-15,15.928
2020-05-16,16.078
2020-05-17,16.025
2020-05-18,15.651
2020-05-19,16.307
2020-05-20,16.081
2020-05-21,15.807
2020-05-22,15.522
2020-05-23,16.178
2020-05-24,15.476
2020-05-25,15.351
2020-05-26,15.514
2020-05-27,16.384
2020-05-28,14.476
2020-05-29,-1
2020-05-30,13.97
2020-05-31,15.147
2020-06-01,15.872
2020-06-02,15.13
2020-06-03,14.848
2020-06-04,14.317
2020-06-05,14.579
2020-06-06,14.315
2020-06-07,13.9
2020-06-08,-1
2020-06-09,14.3
2020-06-10,13.624
2020-06-11,13.504
2020-06-12,13.074
2020-06-13,14.026
2020-06-14,14.02
2020-06-15,13.732
2020-06-16,14.073
2020-06-17,13.446
2020-06-18,13.528
2020-06-19,13.374
2020-06-20,13.036
2020-06-21,12.67
2020-06-22,14.215
2020-06-23,12.514
2020-06-24,12.283
2020-06-25,12.84
2020-06-26,-1
2020-06-27,11.531
2020-06-28,12.944
2020-06-29,12.111
2020-06-30,11.398
2020-07-01,12.675
2020-07-02,12.233
2020-07-03,10.996
2020-07-04,12.718
2020-07-05,11.944
2020-07-06,
2020-07-07,12.297
2020-07-08,11.336
2020-07-09,11.122
2020-07-10,10.64
2020-07-11,-1
2020-07-12,11.119
2020-07-13,10.741
2020-07-14,10.158
2020-07-15,10.609
2020-07-16,10.39
2020-07-17,9.532
2020-07-18,9.35
2020-07-19,10.474
2020-07-20,8.476
2020-07-21,10.063
2020-07-22,9.556
2020-07-23,-1
2020-07-24,9.356
2020-07-25,9.953
2020-07-26,9.225
2020-07-27,9.438
2020-07-28,9.72
2020-07-29,8.909
2020-07-30,9.693
2020-07-31,8.409
2020-08-01,9.093
2020-08-02,9.382
2020-08-03,-1
2020-08-04,9.805
2020-08-05,8.112
2020-08-06,7.658
2020-08-07,7.806
2020-08-08,8.717
2020-08-09,8.538
2020-08-10,8.221
2020-08-11,7.407
2020-08-12,8.464
2020-08-13,7.192
2020-08-14,8.547
2020-08-15,9.492
2020-08-16,7.925
2020-08-17,7.984
2020-08-18,7.268
2020-08-19,6.409
2020-08-20,7.066
2020-08-21,
2020-08-22,6.428
2020-08-23,8.266
2020-08-24,7.335
2020-08-25,7.338
2020-08-26,6.866
2020-08-27,6.89
2020-08-28,7.516
2020-08-29,6.864
2020-08-30,7.148
2020-08-31,6.661
2020-09-01,6.523
2020-09-02,5.836
2020-09-03,5.446
2020-09-04,6.43
2020-09-05,6.578
2020-09-06,5.73
2020-09-07,6.44
2020-09-08,6.454
2020-09-09,5.091
2020-09-10,5.8
2020-09-11,6.56
2020-09-12,6.516
2020-09-13,5.561
2020-09-14,6.319
2020-09-15,6.81
2020-09-16,6.638
2020-09-17,6.091
2020-09-18,5.845
2020-09-19,5.728
2020-09-20,6.368
2020-09-21,6.188
2020-09-22,6.433
2020-09-23,6.122
2020-09-24,6.523
2020-09-25,6.078
2020-09-26,6.485
2020-09-27,6.53
2020-09-28,5.521
2020-09-29,4.916
2020-09-30,6.926
2020-10-01,6.155
2020-10-02,4.975
2020-10-03,5.58
2020-10-04,6.478
2020-10-05,5.855
2020-10-06,5.725
2020-10-07,6.885
2020-10-08,5.429
2020-10-09,5.594
2020-10-10,6.216
2020-10-11,6.343
2020-10-12,6.427
2020-10-13,6.698
2020-10-14,6.294
2020-10-15,6.494
2020-10-16,6.072
2020-10-17,6.294
2020-10-18,6.352
2020-10-19,6.449
2020-10-20,6.817
2020-10-21,6.723
2020-10-22,6.453
2020-10-23,5.981
2020-10-24,6.547
2020-10-25,6.532
2020-10-26,6.709
2020-10-27,7.962
2020-10-28,6.371
2020-10-29,6.988
2020-10-30,7.426
2020-10-31,6.895
2020-11-01,8.292
2020-11-02,6.718
2020-11-03,7.195
2020-11-04,6.579
2020-11-05,6.907
2020-11-06,7.328
2020-11-07,7.749
2020-11-08,7.496
2020-11-09,8.125
2020-11-10,7.379
2020-11-11,7.304
2020-11-12,9.195
2020-11-13,7.879
2020-11-14,7.283
2020-11-15,7.371
2020-11-16,7.296
2020-11-17,8.499
2020-11-18,7.794
2020-11-19,8.167
2020-11-20,8.132
2020-11-21,8.689
2020-11-22,7.823
2020-11-23,7.768
2020-11-24,8.631
2020-11-25,8.941
2020-11-26,8.865
2020-11-27,8.267
2020-11-28,9.246
2020-11-29,8.481
2020-11-30,8.704
2020-12-01,8.54
2020-12-02,9.978
2020-12-03,9.669
2020-12-04,9.745
2020-12-05,10.223
2020-12-06,11.257
2020-12-07,8.638
2020-12-08,9.316
2020-12-09,9.486
2020-12-10,9.441
2020-12-11,9.403
2020-12-12,9.967
2020-12-13,9.516
2020-12-14,10.546
2020-12-15,10.475
2020-12-16,10.832
2020-12-17,10.949
2020-12-18,11.107
2020-12-19,10.622
2020-12-20,12.22
2020-12-21,-1
2020-12-22,10.034
2020-12-23,10.652
2020-12-24,10.312
2020-12-25,11.469
2020-12-26,11.489
2020-12-27,11.384
2020-12-28,12.974
2020-12-29,12.2
2020-12-30,12.41
2020-12-31,11.519
2021-01-01,11.504
2021-01-02,12.228
2021-01-03,12.413
2021-01-04,11.299
2021-01-05,12.407
2021-01-06,
2021-01-07,12.592
2021-01-08,12.335
2021-01-09,12.602
2021-01-10,12.921
2021-01-11,13.183
2021-01-12,13.593
2021-01-13,
2021-01-14,13.254
2021-01-15,13.257
2021-01-16,13.893
2021-01-17,14.096
2021-01-18,13.568
2021-01-19,14.401
2021-01-20,14.612
2021-01-21,14.896
2021-01-22,15.284
2021-01-23,-1
2021-01-24,
2021-01-25,14.508
2021-01-26,14.536
2021-01-27,14.298
2021-01-28,13.888
2021-01-29,14.926
2021-01-30,14.5
2021-01-31,15.102
2021-02-01,14.662
2021-02-02,14.566
2021-02-03,15.453
2021-02-04,15.489
2021-02-05,15.83
2021-02-06,16.878
2021-02-07,-1
2021-02-08,-1
2021-02-09,15.164
2021-02-10,15.117
2021-02-11,16.917
2021-02-12,15.49
2021-02-13,15.494
2021-02-14,16.171
2021-02-15,16.214
2021-02-16,15.798
2021-02-17,16.227
2021-02-18,17.217
2021-02-19,16.064
2021-02-20,15.778
2021-02-21,17.245
2021-02-22,17.039
2021-02-23,16.434
2021-02-24,15.918
2021-02-25,16.48
2021-02-26,16.952
2021-02-27,17.741
2021-02-28,16.475
2021-03-01,17.1
2021-03-02,17.608
2021-03-03,15.824
2021-03-04,17.923
2021-03-05,16.64
2021-03-06,17.595
2021-03-07,17.588
2021-03-08,-1
2021-03-09,-1
2021-03-10,16.137
2021-03-11,17.13
2021-03-12,17.72
2021-03-13,17.555
2021-03-14,17.991
2021-03-15,18.209
2021-03-16,18.13
2021-03-17,17.664
2021-03-18,-1
2021-03-19,17.57
2021-03-20,
2021-03-21,17.232
2021-03-22,18.285
2021-03-23,18.468
2021-03-24,18.015
2021-03-25,16.114
2021-03-26,17.198
2021-03-27,19.107
2021-03-28,17.656
2021-03-29,16.8
2021-03-30,18.736
2021-03-31,18.006
2021-04-01,18.663
2021-04-02,18.166
2021-04-03,18.273
2021-04-04,18.211
2021-04-05,18.406
2021-04-06,
2021-04-07,18.554
2021-04-08,17.012
2021-04-09,18.216
2021-04-10,18.618
2021-04-11,18.638
2021-04-12,17.643
2021-04-13,18.578
2021-04-14,18.414
2021-04-15,19.378
2021-04-16,17.36
2021-04-17,17.478
2021-04-18,17.571
2021-04-19,17.43
2021-04-20,-1
2021-04-21,16.002
2021-04-22,17.363
2021-04-23,
2021-04-24,17.253
2021-04-25,18.67
2021-04-26,17.475
2021-04-27,
2021-04-28,17.536
2021-04-29,17.828
2021-04-30,17.452
2021-05-01,18.056
2021-05-02,17.217
2021-05-03,
2021-05-04,17.296
2021-05-05,16.847
2021-05-06,17.206
2021-05-07,18.245
2021-05-08,16.682
2021-05-09,17.034
2021-05-10,17.474
2021-05-11,17.339
2021-05-12,16.596
2021-05-13,
2021-05-14,16.764
2021-05-15,15.052
2021-05-16,17.195
2021-05-17,
2021-05-18,16.767
2021-05-19,15.551
2021-05-20,15.084
2021-05-21,16.095
2021-05-22,15.84
2021-05-23,
2021-05-24,15.751
2021-05-25,17.278
2021-05-26,16.036
2021-05-27,16.081
2021-05-28,15.873
2021-05-29,16.168
2021-05-30,15.079
2021-05-31,13.873
2021-06-01,14.904
2021-06-02,15.414
2021-06-03,14.255
2021-06-04,14.639
2021-06-05,14.238
2021-06-06,15.461
2021-06-07,14.916
2021-06-08,14.763
2021-06-09,14.65
2021-06-10,14.159
2021-06-11,14.203
2021-06-12,13.276
2021-06-13,12.578
2021-06-14,13.881
2021-06-15,13.887
2021-06-16,14.319
2021-06-17,14.436
2021-06-18,14.335
2021-06-19,12.694
2021-06-20,12.981
2021-06-21,13.379
2021-06-22,14.508
2021-06-23,13.775
2021-06-24,13.456
2021-06-25,12.45
2021-06-26,12.05
2021-06-27,12.95
2021-06-28,11.714
2021-06-29,12.128
2021-06-30,12.099
2021-07-01,13.02
2021-07-02,11.748
2021-07-03,10.395
2021-07-04,12.058
2021-07-05,11.232
2021-07-06,11.574
2021-07-07,11.394
2021-07-08,11.179
2021-07-09,11.715
2021-07-10,10.219
2021-07-11,10.726
2021-07-12,11.345
2021-07-13,10.465
2021-07-14,9.767
2021-07-15,11.033
2021-07-16,11.205
2021-07-17,
2021-07-18,9.156
2021-07-19,10.657
2021-07-20,9.139
2021-07-21,10.222
2021-07-22,9.407
2021-07-23,-1
2021-07-24,9.482
2021-07-25,9.542
2021-07-26,9.171
2021-07-27,9.817
2021-07-28,9.103
2021-07-29,9.866
2021-07-30,9.355
2021-07-31,8.677
2021-08-01,8.486
2021-08-02,7.928
2021-08-03,9.003
2021-08-04,8.529
2021-08-05,7.232
2021-08-06,8.249
2021-08-07,7.945
2021-08-08,9.348
2021-08-09,7.299
2021-08-10,7.375
2021-08-11,8.826
2021-08-12,8.895
2021-08-13,7.556
2021-08-14,7.548
2021-08-15,8.222
2021-08-16,6.382
2021-08-17,6.589
2021-08-18,7.465
2021-08-19,8.494
2021-08-20,7.233
2021-08-21,7.488
2021-08-22,8.041
2021-08-23,8.561
2021-08-24,6.887
2021-08-25,7.161
2021-08-26,8.204
2021-08-27,6.138
2021-08-28,7.61
2021-08-29,6.327
2021-08-30,6.944
2021-08-31,6.684
2021-09-01,6.203
2021-09-02,6.138
2021-09-03,6.846
2021-09-04,-1
2021-09-05,6.51
2021-09-06,6.586
2021-09-07,
2021-09-08,5.878
2021-09-09,6.866
2021-09-10,6.877
2021-09-11,7.912
2021-09-12,6.09
2021-09-13,6.009
2021-09-14,6.714
2021-09-15,6.716
2021-09-16,5.876
2021-09-17,5.93
2021-09-18,6.473
2021-09-19,5.63
2021-09-20,5.86
2021-09-21,6.141
2021-09-22,6.668
2021-09-23,5.693
2021-09-24,4.937
2021-09-25,4.881
2021-09-26,5.266
2021-09-27,5.226
2021-09-28,5.915
2021-09-29,5.29
2021-09-30,5.579
2021-10-01,5.536
2021-10-02,5.737
2021-10-03,6.797
2021-10-04,6.405
2021-10-05,6.024
2021-10-06,5.746
2021-10-07,5.773
2021-10-08,6.241
2021-10-09,6.408
2021-10-10,5.528
2021-10-11,6.112
2021-10-12,
2021-10-13,6.256
2021-10-14,6.608
2021-10-15,6.007
2021-10-16,-1
2021-10-17,5.699
2021-10-18,6.387
2021-10-19,6.266
2021-10-20,
2021-10-21,6.285
2021-10-22,6.454
2021-10-23,6.936
2021-10-24,7.293
2021-10-25,6.505
2021-10-26,7.038
2021-10-27,6.172
2021-10-28,7.098
2021-10-29,6.228
2021-10-30,7.389
2021-10-31,8.111
2021-11-01,6.763
2021-11-02,5.574
2021-11-03,6.616
2021-11-04,7.74
2021-11-05,-1
2021-11-06,7.267
2021-11-07,7.784
2021-11-08,7.532
2021-11-09,8.035
2021-11-10,7.921
2021-11-11,8.349
2021-11-12,7.719
2021-11-13,8.115
2021-11-14,7.458
2021-11-15,7.353
2021-11-16,8.811
2021-11-17,7.991
2021-11-18,8.419
2021-11-19,8.087
2021-11-20,7.739
2021-11-21,8.176
2021-11-22,9.111
2021-11-23,8.664
2021-11-24,7.386
2021-11-25,8.367
2021-11-26,9.65
2021-11-27,8.538
2021-11-28,7.672
2021-11-29,9.975
2021-11-30,9.337
2021-12-01,8.975
2021-12-02,8.884
2021-12-03,9.847
2021-12-04,8.964
2021-12-05,10.071
2021-12-06,9.8
2021-12-07,9.716
2021-12-08,9.751
2021-12-09,9.654
2021-12-10,10.483
2021-12-11,9.433
2021-12-12,9.076
2021-12-13,10.516
2021-12-14,10.624
2021-12-15,10.633
2021-12-16,10.689
2021-12-17,10.352
2021-12-18,11.117
2021-12-19,10.718
2021-12-20,10.554
2021-12-21,10.76
2021-12-22,12.262
2021-12-23,10.11
2021-12-24,11.554
2021-12-25,10.349
2021-12-26,11.394
2021-12-27,11.302
2021-12-28,10.414
2021-12-29,12.001
2021-12-30,11.643
2021-12-31,10.715
2022-01-01,12.607
2022-01-02,13.067
2022-01-03,13.204
2022-01-04,12.628
2022-01-05,12.543
2022-01-06,13.415
2022-01-07,13.73
2022-01-08,13.503
2022-01-09,12.36
2022-01-10,13.148
2022-01-11,13.392
2022-01-12,12.144
2022-01-13,13.612
2022-01-14,14.795
2022-01-15,13.915
2022-01-16,14.515
2022-01-17,13.839
2022-01-18,13.784
2022-01-19,14.155
2022-01-20,13.534
2022-01-21,13.542
2022-01-22,14.977
2022-01-23,15.136
2022-01-24,13.813
2022-01-25,15.082
2022-01-26,14.543
2022-01-27,14.892
2022-01-28,15.056
2022-01-29,15.467
2022-01-30,15.01
2022-01-31,-1
2022-02-01,15.324
2022-02-02,15.601
2022-02-03,14.813
2022-02-04,16.693
2022-02-05,15.765
2022-02-06,
2022-02-07,14.684
2022-02-08,15.237
2022-02-09,16.553
2022-02-10,
2022-02-11,14.819
2022-02-12,16.667
2022-02-13,15.794
2022-02-14,17.041
2022-02-15,16.215
2022-02-16,16.462
2022-02-17,17.118
2022-02-18,15.941
2022-02-19,15.952
2022-02-20,16.496
2022-02-21,17.176
2022-02-22,15.945
2022-02-23,15.805
2022-02-24,17.361
2022-02-25,16.565
2022-02-26,16.749
2022-02-27,15.927
2022-02-28,-1
2022-03-01,17.146
2022-03-02,17.761
2022-03-03,16.79
2022-03-04,
2022-03-05,16.939
2022-03-06,16.986
2022-03-07,18.363
2022-03-08,17.61
2022-03-09,17.193
2022-03-10,17.47
2022-03-11,18.413
2022-03-12,18.517
2022-03-13,17.182
2022-03-14,17.679
2022-03-15,17.79
2022-03-16,17.174
2022-03-17,17.76
2022-03-18,17.822
2022-03-19,-1
2022-03-20,18.59
2022-03-21,17.689
2022-03-22,17.777
2022-03-23,18.322
2022-03-24,17.588
2022-03-25,18.306
2022-03-26,17.912
2022-03-27,17.393
2022-03-28,17.409
2022-03-29,18.858
2022-03-30,17.901
2022-03-31,18.983
2022-04-01,
2022-04-02,18.174
2022-04-03,19.433
2022-04-04,17.359
2022-04-05,16.849
2022-04-06,18.752
2022-04-07,17.475
2022-04-08,17.948
2022-04-09,17.596
2022-04-10,18.094
2022-04-11,17.347
2022-04-12,17.791
2022-04-13,18.149
2022-04-14,17.253
2022-04-15,17.414
2022-04-16,17.601
2022-04-17,16.926
2022-04-18,17.501
2022-04-19,17.796
2022-04-20,17.453
2022-04-21,17.496
2022-04-22,17.612
2022-04-23,17.194
2022-04-24,17.963
2022-04-25,18.37
2022-04-26,17.188
2022-04-27,17.715
2022-04-28,17.235
2022-04-29,17.551
2022-04-30,
2022-05-01,17.54
2022-05-02,16.119
2022-05-03,17.403
2022-05-04,17.816
2022-05-05,16.887
2022-05-06,17.561
2022-05-07,16.49
2022-05-08,15.953
2022-05-09,16.867
2022-05-10,15.666
2022-05-11,16.511
2022-05-12,17.361
2022-05-13,15.376
2022-05-14,15.686
2022-05-15,15.765
2022-05-16,16.275
2022-05-17,16.021
2022-05-18,17.006
2022-05-19,16.664
2022-05-20,16.313
2022-05-21,16.026
2022-05-22,16.096
2022-05-23,15.263
2022-05-24,16.214
2022-05-25,14.951
2022-05-26,16.036
2022-05-27,16.163
2022-05-28,15.493
2022-05-29,15.175
2022-05-30,15.434
2022-05-31,13.389
2022-06-01,15.198
2022-06-02,14.859
2022-06-03,14.806
2022-06-04,15.169
2022-06-05,14.608
2022-06-06,13.876
2022-06-07,14.381
2022-06-08,14.412
2022-06-09,14.346
2022-06-10,14.278
2022-06-11,14.708
2022-06-12,13.336
2022-06-13,13.995
2022-06-14,14.565
2022-06-15,12.652
2022-06-16,13.701
2022-06-17,13.142
2022-06-18,13.171
2022-06-19,12.75
2022-06-20,13.09
2022-06-21,14.195
2022-06-22,12.23
2022-06-23,12.185
2022-06-24,12.004
2022-06-25,13.719
2022-06-26,12.302
2022-06-27,12.461
2022-06-28,12.132
2022-06-29,11.704
2022-06-30,12.027
2022-07-01,13.539
2022-07-02,12.797
2022-07-03,11.346
2022-07-04,12.143
2022-07-05,11.153
2022-07-06,10.483
2022-07-07,12.058
2022-07-08,12.039
2022-07-09,11.868
2022-07-10,10.857
2022-07-11,10.936
2022-07-12,11.385
2022-07-13,11.068
2022-07-14,10.496
2022-07-15,9.66
2022-07-16,10.6
2022-07-17,11.079
2022-07-18,9.614
2022-07-19,10.616
2022-07-20,10.334
2022-07-21,10.487
2022-07-22,10.463
2022-07-23,9.426
2022-07-24,8.777
2022-07-25,9.332
2022-07-26,10.091
2022-07-27,9.138
2022-07-28,8.954
2022-07-29,8.185
2022-07-30,10.238
2022-07-31,9.591
2022-08-01,-1
2022-08-02,9.497
2022-08-03,9.175
2022-08-04,8.595
2022-08-05,8.557
2022-08-06,8.313
2022-08-07,10.067
2022-08-08,
2022-08-09,-1
2022-08-10,
2022-08-11,7.553
2022-08-12,8.984
2022-08-13,7.607
2022-08-14,8.228
2022-08-15,8.491
2022-08-16,
2022-08-17,7.762
2022-08-18,7.64
2022-08-19,7.53
2022-08-20,7.149
2022-08-21,7.158
2022-08-22,8.249
2022-08-23,
2022-08-24,6.762
2022-08-25,6.861
2022-08-26,7.771
2022-08-27,7.457
2022-08-28,7.33
2022-08-29,6.783
2022-08-30,7.227
2022-08-31,6.444
2022-09-01,6.622
2022-09-02,7.31
2022-09-03,7.204
2022-09-04,6.044
2022-09-05,6.074
2022-09-06,6.609
2022-09-07,7.537
2022-09-08,5.312
2022-09-09,6.589
2022-09-10,5.559
2022-09-11,5.969
2022-09-12,6.097
2022-09-13,-1
2022-09-14,5.933
2022-09-15,6.228
2022-09-16,5.876
2022-09-17,5.294
2022-09-18,6.616
2022-09-19,6.578
2022-09-20,6.612
2022-09-21,5.163
2022-09-22,6.25
2022-09-23,6.461
2022-09-24,5.424
2022-09-25,6.037
2022-09-26,5.952
2022-09-27,7.119
2022-09-28,7.162
2022-09-29,-1
2022-09-30,7.497
2022-10-01,5.451
2022-10-02,6.589
2022-10-03,6.586
2022-10-04,5.411
2022-10-05,6.311
2022-10-06,5.958
2022-10-07,6.365
2022-10-08,6.183
2022-10-09,6.775
2022-10-10,6.118
2022-10-11,5.989
2022-10-12,6.766
2022-10-13,6.477
2022-10-14,6.59
2022-10-15,5.776
2022-10-16,5.573
2022-10-17,5.887
2022-10-18,5.884
2022-10-19,6.759
2022-10-20,6.905
2022-10-21,6.261
2022-10-22,7.248
2022-10-23,7.248
2022-10-24,-1
2022-10-25,6.014
2022-10-26,7.494
2022-10-27,-1
2022-10-28,6.714
2022-10-29,6.482
2022-10-30,6.2
2022-10-31,5.903
2022-11-01,7.216
2022-11-02,6.42
2022-11-03,8.78
2022-11-04,6.349
2022-11-05,6.304
2022-11-06,7.424
2022-11-07,-1
2022-11-08,7.28
2022-11-09,7.648
2022-11-10,6.263
2022-11-11,7.029
2022-11-12,6.859
2022-11-13,6.435
2022-11-14,7.713
2022-11-15,6.369
2022-11-16,6.994
2022-11-17,7.539
2022-11-18,7.438
2022-11-19,-1
2022-11-20,8.274
2022-11-21,8.706
2022-11-22,8.701
2022-11-23,9.015
2022-11-24,8.412
2022-11-25,8.678
2022-11-26,8.888
2022-11-27,8.751
2022-11-28,8.514
2022-11-29,8.64
2022-11-30,8.437
2022-12-01,
2022-12-02,9.05
2022-12-03,8.8
2022-12-04,8.892
2022-12-05,8.656
2022-12-06,10.062
2022-12-07,9.616
2022-12-08,9.146
2022-12-09,10.244
2022-12-10,9.519
2022-12-11,9.108
2022-12-12,
2022-12-13,9.825
2022-12-14,10.0
2022-12-15,10.369
2022-12-16,11.13
2022-12-17,10.556
2022-12-18,9.925
2022-12-19,11.071
2022-12-20,10.555
2022-12-21,12.08
2022-12-22,11.049
2022-12-23,9.81
2022-12-24,11.468
2022-12-25,
2022-12-26,12.404
2022-12-27,12.66
2022-12-28,11.053
2022-12-29,12.315
2022-12-30,11.438
2022-12-31,12.109
2023-01-01,-1
2023-01-02,11.82
2023-01-03,11.904
2023-01-04,12.952
2023-01-05,12.996
2023-01-06,12.784
2023-01-07,11.911
2023-01-08,12.636
2023-01-09,12.478
2023-01-10,13.549
2023-01-11,13.836
2023-01-12,13.864
2023-01-13,12.878
2023-01-14,11.787
2023-01-15,12.471
2023-01-16,14.484
2023-01-17,13.489
2023-01-18,13.378
2023-01-19,14.912
2023-01-20,14.783
2023-01-21,
2023-01-22,14.041
2023-01-23,14.233
2023-01-24,14.544
2023-01-25,15.462
2023-01-26,14.848
2023-01-27,15.123
2023-01-28,15.481
2023-01-29,14.169
2023-01-30,15.414
2023-01-31,14.873
2023-02-01,13.629
2023-02-02,13.949
2023-02-03,14.702
2023-02-04,15.717
2023-02-05,-1
2023-02-06,15.677
2023-02-07,16.819
2023-02-08,14.969
2023-02-09,15.794
2023-02-10,
2023-02-11,15.526
2023-02-12,16.061
2023-02-13,15.16
2023-02-14,17.04
2023-02-15,15.859
2023-02-16,17.558
2023-02-17,16.391
2023-02-18,17.096
2023-02-19,16.516
2023-02-20,16.596
2023-02-21,16.329
2023-02-22,16.815
2023-02-23,16.997
2023-02-24,16.396
2023-02-25,16.852
2023-02-26,16.619
2023-02-27,18.421
2023-02-28,
2023-03-01,18.078
2023-03-02,17.085
2023-03-03,17.409
2023-03-04,16.51
2023-03-05,17.082
2023-03-06,
2023-03-07,18.392
2023-03-08,17.616
2023-03-09,18.354
2023-03-10,17.948
2023-03-11,18.578
2023-03-12,17.602
2023-03-13,19.106
2023-03-14,17.414
2023-03-15,17.276
2023-03-16,17.039
2023-03-17,19.192
2023-03-18,18.311
2023-03-19,17.643
2023-03-20,18.615
2023-03-21,18.299
2023-03-22,19.086
2023-03-23,16.994
2023-03-24,17.78
2023-03-25,17.675
2023-03-26,16.78
2023-03-27,18.611
2023-03-28,17.821
2023-03-29,18.434
2023-03-30,19.411
2023-03-31,17.787
2023-04-01,17.747
2023-04-02,18.071
2023-04-03,18.59
2023-04-04,17.654
2023-04-05,17.609
2023-04-06,18.615
2023-04-07,18.198
2023-04-08,16.734
2023-04-09,17.212
2023-04-10,18.834
2023-04-11,
2023-04-12,17.442
2023-04-13,17.777
2023-04-14,17.866
2023-04-15,18.276
2023-04-16,16.995
2023-04-17,17.278
2023-04-18,17.918
2023-04-19,17.664
2023-04-20,18.036
2023-04-21,16.921
2023-04-22,17.838
2023-04-23,18.242
2023-04-24,17.841
2023-04-25,17.592
2023-04-26,17.409
2023-04-27,-1
2023-04-28,17.336
2023-04-29,-1
2023-04-30,17.213
2023-05-01,16.701
2023-05-02,16.888
2023-05-03,17.251
2023-05-04,16.852
2023-05-05,17.312
2023-05-06,17.277
2023-05-07,17.438
2023-05-08,17.698
2023-05-09,17.38
2023-05-10,16.159
2023-05-11,16.113
2023-05-12,16.544
2023-05-13,16.251
2023-05-14,15.771
2023-05-15,16.119
2023-05-16,16.028
2023-05-17,15.837
2023-05-18,15.977
2023-05-19,16.799
2023-05-20,16.135
2023-05-21,17.422
2023-05-22,15.962
2023-05-23,15.606
2023-05-24,15.702
2023-05-25,15.772
2023-05-26,15.796
2023-05-27,16.697
2023-05-28,14.859
2023-05-29,15.796
2023-05-30,15.318
2023-05-31,14.163
2023-06-01,15.479
2023-06-02,15.688
2023-06-03,14.322
2023-06-04,14.74
2023-06-05,13.618
2023-06-06,13.805
2023-06-07,15.095
2023-06-08,14.092
2023-06-09,13.611
2023-06-10,14.319
2023-06-11,13.771
2023-06-12,13.705
2023-06-13,14.333
2023-06-14,13.094
2023-06-15,13.149
2023-06-16,13.686
2023-06-17,14.075
2023-06-18,14.136
2023-06-19,12.894
2023-06-20,13.754
2023-06-21,12.62
2023-06-22,14.085
2023-06-23,12.207
2023-06-24,13.582
2023-06-25,12.288
2023-06-26,13.788
2023-06-27,12.832
2023-06-28,11.764
2023-06-29,11.958
2023-06-30,12.636
2023-07-01,12.696
2023-07-02,11.919
2023-07-03,11.885
2023-07-04,12.21
2023-07-05,11.731
2023-07-06,10.773
2023-07-07,10.958
2023-07-08,11.484
2023-07-09,11.97
2023-07-10,12.108
2023-07-11,11.504
2023-07-12,11.107
2023-07-13,11.283
2023-07-14,10.332
2023-07-15,10.54
2023-07-16,10.037
2023-07-17,9.682
2023-07-18,10.532
2023-07-19,10.345
2023-07-20,10.547
2023-07-21,10.365
2023-07-22,10.085
2023-07-23,10.177
2023-07-24,9.722
2023-07-25,9.9
2023-07-26,9.122
2023-07-27,9.685
2023-07-28,9.771
2023-07-29,8.876
2023-07-30,9.217
2023-07-31,8.721
2023-08-01,8.69
2023-08-02,8.242
2023-08-03,9.588
2023-08-04,9.381
2023-08-05,8.978
2023-08-06,9.753
2023-08-07,8.372
2023-08-08,10.222
2023-08-09,8.184
2023-08-10,8.393
2023-08-11,7.921
2023-08-12,8.304
2023-08-13,8.505
2023-08-14,7.859
2023-08-15,8.918
2023-08-16,7.921
2023-08-17,7.868
2023-08-18,7.088
2023-08-19,7.815
2023-08-20,7.414
2023-08-21,7.062
2023-08-22,6.895
2023-08-23,8.899
2023-08-24,7.075
2023-08-25,6.297
2023-08-26,6.692
2023-08-27,7.02
2023-08-28,
2023-08-29,7.271
2023-08-30,7.289
2023-08-31,6.443
2023-09-01,6.983
2023-09-02,6.203
2023-09-03,6.308
2023-09-04,6.082
2023-09-05,5.874
2023-09-06,7.182
2023-09-07,6.915
2023-09-08,7.047
2023-09-09,6.446
2023-09-10,6.851
2023-09-11,5.293
2023-09-12,6.833
2023-09-13,6.39
2023-09-14,6.629
2023-09-15,6.452
2023-09-16,5.605
2023-09-17,5.273
2023-09-18,5.721
2023-09-19,6.465
2023-09-20,6.52
2023-09-21,5.267
2023-09-22,5.482
2023-09-23,5.622
2023-09-24,5.828
2023-09-25,5.214
2023-09-26,5.168
2023-09-27,5.521
2023-09-28,6.059
2023-09-29,5.295
2023-09-30,5.931
2023-10-01,6.635
2023-10-02,5.22
2023-10-03,5.88
2023-10-04,6.623
2023-10-05,5.764
2023-10-06,5.679
2023-10-07,6.731
2023-10-08,5.861
2023-10-09,6.72
2023-10-10,6.33
2023-10-11,5.884
2023-10-12,6.396
2023-10-13,6.321
2023-10-14,6.763
2023-10-15,5.846
2023-10-16,6.225
2023-10-17,6.191
2023-10-18,6.679
2023-10-19,5.672
2023-10-20,6.93
2023-10-21,6.634
2023-10-22,5.599
2023-10-23,7.152
2023-10-24,7.806
2023-10-25,7.108
2023-10-26,7.405
2023-10-27,6.644
2023-10-28,5.642
2023-10-29,5.579
2023-10-30,6.887
2023-10-31,6.429
2023-11-01,6.288
2023-11-02,6.852
2023-11-03,7.314
2023-11-04,6.129
2023-11-05,6.789
2023-11-06,8.024
2023-11-07,6.534
2023-11-08,7.763
2023-11-09,7.014
2023-11-10,7.697
2023-11-11,8.094
2023-11-12,7.948
2023-11-13,8.118
2023-11-14,-1
2023-11-15,8.382
2023-11-16,7.275
2023-11-17,8.017
2023-11-18,8.092
2023-11-19,8.304
2023-11-20,8.293
2023-11-21,7.663
2023-11-22,7.44
2023-11-23,8.854
2023-11-24,8.525
2023-11-25,9.186
2023-11-26,8.554
2023-11-27,7.823
2023-11-28,9.332
2023-11-29,8.617
2023-11-30,9.133
2023-12-01,8.628
2023-12-02,10.093
2023-12-03,8.672
2023-12-04,9.087
2023-12-05,9.446
2023-12-06,8.82
2023-12-07,9.767
2023-12-08,10.631
2023-12-09,9.465
2023-12-10,10.092
2023-12-11,8.302
2023-12-12,10.026
2023-12-13,9.959
2023-12-14,9.754
2023-12-15,10.993
2023-12-16,10.248
2023-12-17,10.437
2023-12-18,10.418
2023-12-19,9.595
2023-12-20,10.167
2023-12-21,11.524
2023-12-22,9.783
2023-12-23,10.692
2023-12-24,11.014
2023-12-25,12.402
2023-12-26,11.92
2023-12-27,11.227
2023-12-28,12.447
2023-12-29,11.324
2023-12-30,12.476
2023-12-31,11.159
2024-01-01,12.747
2024-01-02,-1
2024-01-03,
2024-01-04,12.282
2024-01-05,12.682
2024-01-06,12.321
2024-01-07,13.053
2024-01-08,12.473
2024-01-09,13.297
2024-01-10,13.292
2024-01-11,13.092
2024-01-12,12.965
2024-01-13,13.422
2024-01-14,13.761
2024-01-15,-1
2024-01-16,14.194
2024-01-17,-1
2024-01-18,15.681
2024-01-19,14.236
2024-01-20,14.315
2024-01-21,14.543
2024-01-22,13.612
2024-01-23,14.046
2024-01-24,14.104
2024-01-25,14.89
2024-01-26,14.49
2024-01-27,14.771
2024-01-28,15.432
2024-01-29,15.388
2024-01-30,14.864
2024-01-31,14.648
2024-02-01,15.82
2024-02-02,15.69
2024-02-03,14.349
2024-02-04,15.21
2024-02-05,15.582
2024-02-06,16.034
2024-02-07,16.195
2024-02-08,15.9
2024-02-09,16.162
2024-02-10,15.928
2024-02-11,15.563
2024-02-12,15.888
2024-02-13,16.131
2024-02-14,16.174
2024-02-15,15.136
2024-02-16,16.101
2024-02-17,16.444
2024-02-18,16.311
2024-02-19,16.399
2024-02-20,16.907
2024-02-21,16.032
2024-02-22,15.767
2024-02-23,16.597
2024-02-24,17.325
2024-02-25,17.939
2024-02-26,17.454
2024-02-27,16.161
2024-02-28,16.957
2024-02-29,17.304
2024-03-01,17.309
2024-03-02,17.577
2024-03-03,16.752
2024-03-04,17.389
2024-03-05,17.648
2024-03-06,17.936
2024-03-07,16.999
2024-03-08,17.317
2024-03-09,15.941
2024-03-10,17.228
2024-03-11,17.323
2024-03-12,17.06
2024-03-13,17.804
2024-03-14,
2024-03-15,16.41
2024-03-16,17.922
2024-03-17,17.262
2024-03-18,18.135
2024-03-19,17.097
2024-03-20,17.905
2024-03-21,
2024-03-22,18.105
2024-03-23,18.014
2024-03-24,17.799
2024-03-25,17.043
2024-03-26,17.089
2024-03-27,17.633
2024-03-28,17.985
2024-03-29,17.63
2024-03-30,18.374
2024-03-31,17.832
2024-04-01,17.421
2024-04-02,17.831
2024-04-03,-1
2024-04-04,18.183
2024-04-05,19.108
2024-04-06,17.57
2024-04-07,17.916
2024-04-08,18.203
2024-04-09,17.919
2024-04-10,17.617
2024-04-11,16.969
2024-04-12,17.573
2024-04-13,17.213
2024-04-14,16.798
2024-04-15,17.332
2024-04-16,17.155
2024-04-17,18.105
2024-04-18,18.085
2024-04-19,17.15
2024-04-20,
2024-04-21,
2024-04-22,17.291
2024-04-23,17.788
2024-04-24,18.004
2024-04-25,17.039
2024-04-26,18.055
2024-04-27,16.469
2024-04-28,
2024-04-29,17.71
2024-04-30,18.237
2024-05-01,17.479
2024-05-02,17.106
2024-05-03,15.759
2024-05-04,15.807
2024-05-05,17.041
2024-05-06,16.69
2024-05-07,16.181
2024-05-08,16.822
2024-05-09,16.789
2024-05-10,17.222
2024-05-11,16.671
2024-05-12,17.259
2024-05-13,16.458
2024-05-14,16.315
2024-05-15,16.951
2024-05-16,15.653
2024-05-17,17.855
2024-05-18,16.317
2024-05-19,16.244
2024-05-20,16.254
2024-05-21,16.986
2024-05-22,16.256
2024-05-23,14.737
2024-05-24,16.46
2024-05-25,15.331
2024-05-26,15.515
2024-05-27,14.599
2024-05-28,15.596
2024-05-29,14.803
2024-05-30,15.166
2024-05-31,14.846
2024-06-01,16.082
2024-06-02,16.026
2024-06-03,14.773
2024-06-04,14.691
2024-06-05,14.336
2024-06-06,15.13
2024-06-07,14.175
2024-06-08,14.024
2024-06-09,14.768
2024-06-10,13.761
2024-06-11,13.965
2024-06-12,12.941
2024-06-13,14.214
2024-06-14,14.857
2024-06-15,-1
2024-06-16,14.371
2024-06-17,12.886
2024-06-18,13.435
2024-06-19,12.626
2024-06-20,12.954
2024-06-21,13.452
2024-06-22,12.948
2024-06-23,11.937
2024-06-24,11.893
2024-06-25,11.751
2024-06-26,12.772
2024-06-27,13.612
2024-06-28,13.088
2024-06-29,11.03
2024-06-30,12.917
2024-07-01,12.523
2024-07-02,10.931
2024-07-03,11.573
2024-07-04,12.309
2024-07-05,11.879
2024-07-06,10.661
2024-07-07,11.71
2024-07-08,9.958
2024-07-09,11.005
2024-07-10,11.719
2024-07-11,10.946
2024-07-12,10.534
2024-07-13,11.266
2024-07-14,11.217
2024-07-15,11.317
2024-07-16,10.956
2024-07-17,10.981
2024-07-18,10.673
2024-07-19,10.294
2024-07-20,10.091
2024-07-21,9.797
2024-07-22,9.116
2024-07-23,9.174
2024-07-24,9.483
2024-07-25,9.702
2024-07-26,10.328
2024-07-27,9.345
2024-07-28,9.88
2024-07-29,9.834
2024-07-30,8.957
2024-07-31,9.362
2024-08-01,8.77
2024-08-02,9.622
2024-08-03,9.123
2024-08-04,7.941
2024-08-05,8.667
2024-08-06,9.475
2024-08-07,8.294
2024-08-08,8.589
2024-08-09,8.567
2024-08-10,
2024-08-11,8.387
2024-08-12,7.167
2024-08-13,7.552
2024-08-14,8.497
2024-08-15,7.992
2024-08-16,7.523
2024-08-17,7.902
2024-08-18,7.528
2024-08-19,7.502
2024-08-20,7.821
2024-08-21,6.925
2024-08-22,7.321
2024-08-23,7.046
2024-08-24,6.22
2024-08-25,6.558
2024-08-26,7.992
2024-08-27,
2024-08-28,6.143
2024-08-29,5.959
2024-08-30,6.763
2024-08-31,7.715
2024-09-01,6.616
2024-09-02,7.464
2024-09-03,6.844
2024-09-04,6.87
2024-09-05,5.742
2024-09-06,7.064
2024-09-07,6.26
2024-09-08,6.94
2024-09-09,5.896
2024-09-10,6.456
2024-09-11,6.527
2024-09-12,6.191
2024-09-13,6.496
2024-09-14,6.064
2024-09-15,5.808
2024-09-16,7.135
2024-09-17,6.777
2024-09-18,5.67
2024-09-19,6.447
2024-09-20,5.642
2024-09-21,5.36
2024-09-22,6.676
2024-09-23,5.02
2024-09-24,6.587
2024-09-25,5.87
2024-09-26,5.887
2024-09-27,6.254
2024-09-28,6.352
2024-09-29,5.505
2024-09-30,6.431
2024-10-01,6.069
2024-10-02,5.25
2024-10-03,5.906
2024-10-04,
2024-10-05,7.029
2024-10-06,6.463
2024-10-07,5.33
2024-10-08,6.352
2024-10-09,6.583
2024-10-10,6.525
2024-10-11,6.579
2024-10-12,6.347
2024-10-13,-1
2024-10-14,5.81
2024-10-15,5.062
2024-10-16,6.431
2024-10-17,6.368
2024-10-18,6.622
2024-10-19,5.517
2024-10-20,6.741
2024-10-21,7.622
2024-10-22,6.474
2024-10-23,6.429
2024-10-24,6.692
2024-10-25,7.768
2024-10-26,5.979
2024-10-27,6.76
2024-10-28,6.206
2024-10-29,6.406
2024-10-30,6.755
2024-10-31,7.645
2024-11-01,7.97
2024-11-02,7.213
2024-11-03,6.775
2024-11-04,-1
2024-11-05,6.861
2024-11-06,6.836
2024-11-07,6.176
2024-11-08,8.142
2024-11-09,7.95
2024-11-10,8.886
2024-11-11,6.67
2024-11-12,8.447
2024-11-13,7.685
2024-11-14,8.198
2024-11-15,6.798
2024-11-16,8.742
2024-11-17,8.408
2024-11-18,7.99
2024-11-19,8.478
2024-11-20,7.71
2024-11-21,7.902
2024-11-22,8.053
2024-11-23,7.301
2024-11-24,9.013
2024-11-25,9.296
2024-11-26,
2024-11-27,8.961
2024-11-28,8.68
2024-11-29,9.125
2024-11-30,8.64
2024-12-01,8.577
2024-12-02,9.829
2024-12-03,9.251
2024-12-04,10.595
2024-12-05,9.503
2024-12-06,
2024-12-07,10.4
2024-12-08,10.138
2024-12-09,10.291
2024-12-10,10.666
2024-12-11,9.658
2024-12-12,10.071
2024-12-13,10.143
2024-12-14,9.57
2024-12-15,10.286
2024-12-16,11.346
2024-12-17,10.787
2024-12-18,9.937
2024-12-19,9.913
2024-12-20,11.946
2024-12-21,10.995
2024-12-22,10.763
2024-12-23,11.089
2024-12-24,10.47
2024-12-25,12.313
2024-12-26,11.326
2024-12-27,12.485
2024-12-28,11.799
2024-12-29,12.729
2024-12-30,12.128
2024-12-31,12.589
